-- phpMyAdmin SQL Dump
-- version 5.0.4
-- https://www.phpmyadmin.net/
--
-- Host: 127.0.0.1
-- Generation Time: Mar 30, 2021 at 06:02 PM
-- Server version: 10.4.17-MariaDB
-- PHP Version: 7.3.26

SET SQL_MODE = "NO_AUTO_VALUE_ON_ZERO";
START TRANSACTION;
SET time_zone = "+00:00";


/*!40101 SET @OLD_CHARACTER_SET_CLIENT=@@CHARACTER_SET_CLIENT */;
/*!40101 SET @OLD_CHARACTER_SET_RESULTS=@@CHARACTER_SET_RESULTS */;
/*!40101 SET @OLD_COLLATION_CONNECTION=@@COLLATION_CONNECTION */;
/*!40101 SET NAMES utf8mb4 */;

--
-- Database: `schedulechecking`
--

-- --------------------------------------------------------

--
-- Table structure for table `course`
--

CREATE TABLE `course` (
  `course_index` int(11) NOT NULL,
  `degree` varchar(50) CHARACTER SET utf8 NOT NULL,
  `course_id` varchar(10) CHARACTER SET utf8 NOT NULL,
  `course_name` varchar(50) CHARACTER SET utf8 NOT NULL,
  `course_weight` int(10) NOT NULL,
  `lec_lab` varchar(11) CHARACTER SET utf8 NOT NULL,
  `course_cond` varchar(50) CHARACTER SET utf8 NOT NULL,
  `course_option` varchar(50) CHARACTER SET utf8 NOT NULL,
  `semester` int(10) NOT NULL,
  `year_type` varchar(10) CHARACTER SET utf8 NOT NULL
) ENGINE=InnoDB DEFAULT CHARSET=latin1;

--
-- Dumping data for table `course`
--

INSERT INTO `course` (`course_index`, `degree`, `course_id`, `course_name`, `course_weight`, `lec_lab`, `course_cond`, `course_option`, `semester`, `year_type`) VALUES
(4, 'bachelor', 'EN811300', 'Fund of Comp Program', 3, 'lec', '-', '-', 1, '1'),
(6, 'bachelor', 'EN812000', 'Discrete Math', 3, 'lec', 'Cal1', '-', 1, '2'),
(8, 'bachelor', 'EN814998', 'Pre-Project', 1, 'lec', '-', '-', 1, '4'),
(9, 'bachelor', 'EN813701', 'Web Application', 3, 'lec', 'Ad. Com', 'V.2, 3-4', 1, '0'),
(13, 'bachelor', 'EN811100', 'Linear Circuit Analysis', 3, 'lec', 'Physic 2', '-', 2, '1'),
(14, 'bachelor', 'EN812102', 'Circuits Signal', 3, 'lec', 'Linear', '-', 2, '2'),
(15, 'bachelor', 'EN813002', 'Theory of Compu', 3, 'lec', 'Fund com', 'V.2', 2, '3'),
(16, 'master', 'EN827891  ', 'Seminar I', 1, 'lec', '-', '-', 1, '5'),
(17, 'bachelor', 'EN812101', 'Analog Lab.', 1, 'lab', '-', '10 ครั้ง', 1, '2'),
(20, 'bachelor', 'EN812000', ' DISCRETE MATHEMATICS AND LINEAR ALGEBRA', 3, 'lec', '-', '-', 1, '2'),
(25, 'bachelor', ' EN812303', ' DATA STRUCTURES AND ALGORITHMS', 3, 'lec', '-', '-', 1, '2'),
(26, 'bachelor', ' EN812900', 'COMPUTER ENGINEERING WORKSHOP PRACTICE', 1, 'lab', '-', '-', 1, '2'),
(27, '', 'EN813001', 'STOCHASTIC PROCESSES AND MODELING', 3, 'lec', '-', '-', 1, '3'),
(28, 'bachelor', ' EN812101 ', ' ANALOGUE ELECTRONICS LABORATORY', 1, 'lab', '-', '-', 1, '2'),
(30, 'bachelor', ' EN813202 ', ' MICROPROCESSORS AND INTERFACING', 3, 'lec', '-', '-', 1, '3'),
(31, 'bachelor', ' EN813203 ', 'MICROPROCESSORS AND INTERFACING LABORATORY', 1, 'lab', '-', '-', 1, '3'),
(32, 'bachelor', 'EN813204', 'COMPUTER ARCHITECTURE', 3, 'lec', '-', '-', 1, '3'),
(33, 'bachelor', ' EN813304 ', 'DATABASE SYSTEMS', 3, 'lec', '-', '-', 1, '3'),
(34, 'bachelor', ' EN813400 ', ' COMPUTER NETWORKS', 3, 'lec', '-', '-', 1, '3'),
(35, 'bachelor', ' EN813401 ', ' COMPUTER NETWORKS LABORATORY', 1, 'lab', '-', '-', 1, '3'),
(36, 'bachelor', ' EN813501', ' DIGITAL IMAGE PROCESSING', 3, 'lec', '-', '-', 1, '3'),
(37, '', ' EN813701 ', ' WEB APPLICATION DEVELOPMENT', 0, 'lec', '-', '-', 1, '3'),
(38, 'bachelor', ' EN813761', ' SEMINAR IN COMPUTER ENGINEERING', 1, 'lab', '-', '-', 1, '3'),
(39, '', ' EN814505', 'CRYPTOGRAPHY', 3, 'lec', '-', '-', 1, '4'),
(40, 'bachelor', 'EN814506 ', 'QUANTUM COMPUTATION', 3, 'lec', '-', '-', 1, '4'),
(41, 'bachelor', 'EN814507', 'FINANCIAL ENGINEERING AND COMPUTATION', 3, 'lec', '-', '-', 1, '4'),
(42, 'bachelor', 'EN814608 ', ' ADVANCED MICROCONTROLLERS', 3, 'lec', '-', '-', 1, '4'),
(43, 'bachelor', ' EN814802 ', ' COMPUTER SECURITY', 3, 'lec', '-', '-', 1, '4'),
(44, 'bachelor', 'EN814804 ', ' WIRELESS PERSONAL AREA NETWORKS', 3, 'lec', '-', '-', 1, '4'),
(45, 'bachelor', 'EN814998', ' COMPUTER ENGINEERING PRE-PROJECT', 1, 'lab', '-', '-', 1, '4'),
(46, 'bachelor', 'EN811301', ' ADVANCED COMPUTER PROGRAMMING', 3, '', '-', '-', 2, '1'),
(47, 'bachelor', ' EN811302', ' ADVANCED COMPUTER PROGRAMMING LABORATORY', 1, 'lab', '-', '-', 2, '1'),
(48, 'bachelor', 'EN812200 ', ' DIGITAL LOGIC DESIGN', 3, '', '-', '-', 2, '2'),
(49, 'bachelor', 'EN812201 ', ' DIGITAL LOGIC DESIGN LABORATORY', 1, 'lab', '-', '-', 2, '2'),
(50, 'bachelor', ' EN812700 ', ' ASSEMBLY PROGRAMMING', 3, 'lec', '-', '-', 2, '4'),
(51, 'bachelor', 'EN813002 ', 'THEORY OF COMPUTATION', 3, 'lec', '-', '-', 2, ''),
(52, 'bachelor', 'EN813305 ', ' OPERATING SYSTEMS', 3, 'lec', '-', '-', 2, '3'),
(53, 'bachelor', ' EN813306 ', 'SOFTWARE ENGINEERING	', 3, 'lec', '-', '-', 2, '3'),
(54, 'bachelor', 'EN813402 ', ' PRINCIPLES OF DIGITAL COMMUNICATION AND MODELING', 3, 'lec', '-', '-', 2, '3'),
(55, 'bachelor', 'EN813403', 'PRINCIPLES OF DIGITAL COMMUNICATIONS AND MODELING ', 1, 'lab', '-', '-', 2, '3'),
(56, 'bachelor', ' EN813500', 'MACHINE LEARNING	 ', 3, 'lec', '-', '-', 2, '3'),
(57, 'bachelor', ' EN813502 ', 'COMPUTER ANIMATION', 3, 'lec', '-', '-', 2, '3'),
(58, 'bachelor', 'EN813605 	', ' NANOELECTRONICS FOR COMPUTER ENGINEERS', 3, 'lec', '-', '-', 2, '4'),
(59, 'bachelor', 'EN813702 ', 'MOBILE APPLICATION DEVELOPMENT', 3, 'lec', '-', '-', 2, '3'),
(60, 'bachelor', 'EN813703 ', 'MULTI-CORE AND GPU PROGRAMMING	 ', 3, 'lec', '-', '-', 2, '2'),
(61, 'bachelor', ' EN813704 ', ' VIDEO GAME DESIGN', 3, 'lec', '-', '-', 2, '4'),
(62, 'bachelor', 'EN813800 ', 'COMPUTER NETWORK DESIGN AND CONFIGURATION', 3, 'lec', '-', '-', 2, '4'),
(63, 'bachelor', 'EN814508 ', 'COMPUTATIONAL FINANCE	', 3, 'lec', '-', '-', 2, '4'),
(64, 'bachelor', ' EN814607 ', 'MICROCONTROLLERS', 3, 'lec', '-', '-', 2, '3'),
(65, 'bachelor', ' EN814609', ' EMBEDDED SYSTEMS', 3, '', '-', '-', 2, '4'),
(66, 'bachelor', 'EN814707 	', 'HUMAN-COMPUTER INTERACTION', 3, 'lec', '-', '-', 2, '4'),
(67, 'bachelor', ' EN814708 ', ' DATA SCIENCE AND BIG DATA ANALYTICS', 3, '', '-', '-', 2, '4'),
(68, 'bachelor', 'EN814774 ', 'SPECIAL TOPICS IN COMPUTER SOFTWARE', 3, 'lec', '-', '-', 2, '4'),
(69, 'bachelor', ' EN814801 ', ' INTERNETWORKING', 3, 'lec', '-', '-', 2, '1'),
(70, 'bachelor', ' EN814805 ', ' MODERN COMPUTER NETWORKS', 3, 'lec', '-', '-', 2, '3'),
(71, 'bachelor', 'EN814806 ', 'CLOUD COMPUTING', 3, 'lec', '-', '-', 2, '4'),
(72, 'bachelor', 'EN814999 ', ' COMPUTER ENGINEERING PROJECT', 2, 'lab', '-', '-', 2, '4'),
(73, 'inter', 'EN841001', 'Introduction to Digital Media', 3, 'lec', '-', '-', 1, '1'),
(74, 'inter', 'EN841002', 'Art and Design Foundation', 3, 'lec', '-', '-', 2, '1'),
(75, 'inter', 'EN842003', 'Digital Electronics', 3, 'lec', '-', '-', 1, '2'),
(76, 'inter', 'EN842004', 'Object Oriented Programming', 3, 'lec', '-', '-', 1, '3'),
(77, 'inter', 'EN842005', 'Object Oriented Programming Laboratory', 1, 'lab', '-', '-', 1, '2'),
(78, 'inter', 'EN842006', 'Introduction to Data Structures', 3, 'lec', '-', '-', 1, '2'),
(79, 'inter', 'EN842007', 'Introduction to Discrete Mathematics', 3, '', 'cal1', '-', 1, '2'),
(80, 'inter', 'EN843008', 'Digital Media Processing', 3, 'lec', '-', '-', 1, '3'),
(81, 'inter', 'EN842100', 'Computer Graphics', 3, 'lec', '-', '-', 1, '2'),
(82, 'inter', 'EN842101', '3D Modeling and Animation', 3, 'lec', '-', '-', 2, '2'),
(83, 'inter', 'EN842300', 'Interactive Web Programming', 3, 'lec', '-', '-', 2, '2'),
(84, 'inter', 'EN843105', 'Computer-Generated Imagery', 3, 'lec', '-', '-', 1, '3'),
(85, 'inter', 'EN843106', 'Professional Skills Development', 1, 'lab', '-', '-', 1, '3'),
(86, 'inter', 'EN843200', 'Game Programming', 3, 'lec', '-', '-', 1, '3'),
(87, 'inter', 'EN843201', 'Game Design', 3, 'lec', '-', '-', 1, '3'),
(88, 'inter', 'EN843301', 'User Interface and User Experience Design', 3, '', '-', '-', 1, '3'),
(89, 'inter', 'EN843302', 'Project Management Body of Knowledge', 3, 'lec', '-', '-', 2, '3'),
(90, 'inter', 'EN843303', 'Multimedia Database', 3, 'lec', '-', '-', 2, '3'),
(91, 'inter', 'EN843304', 'Computer Networking and Internet Technology', 3, 'lec', '-', '-', 2, '3'),
(92, 'inter', 'EN844308', 'Interaction Design', 3, 'lec', '-', '-', 1, '4'),
(93, 'inter', 'EN844998', 'Digital Media Engineering Pre-Project', 1, 'lab', '-', '-', 1, '4'),
(94, 'inter', 'EN844999', 'Digital Media Engineering Project', 2, 'lab', '-', '-', 2, '4'),
(95, 'inter', 'EN843796', 'Practical Training', 1, 'lab', '-', '-', 3, '3'),
(96, '', 'EN843102', 'Parallel Programming', 0, '', '-', '-', 0, ''),
(97, 'inter', 'EN843103', 'Effective Presentation Technique', 3, 'lec', '-', '-', 0, '0'),
(98, 'inter', 'EN843104', 'Character Animation and Control', 3, 'lec', '-', '-', 0, '0'),
(99, 'inter', 'EN843107', '3D Animation Pipeline', 3, 'lec', '-', '-', 0, '3'),
(100, 'inter', 'EN843108', 'Shading, Lighting and Rendering', 3, 'lec', '-', '-', 0, '0'),
(101, 'inter', 'EN843109', '3D modelling and Digital Sculpting', 3, 'lec', '-', '-', 0, '0'),
(102, 'inter', 'EN843110', 'Character and Theme Design', 3, 'lec', '-', '-', 0, '0'),
(103, 'inter', 'EN843111', 'Visual Effects', 3, 'lec', '-', '-', 0, '0'),
(104, 'inter', 'EN843202', 'Advanced Game Programming', 3, 'lec', '-', '-', 0, '0'),
(105, 'inter', 'EN844113', 'Digital Compositing and Post-production', 3, 'lec', '-', '-', 0, '0'),
(106, 'inter', 'EN844114', 'Python Scripting for Animation', 3, 'lec', '-', '-', 0, '0'),
(107, 'inter', 'EN844115', '3D Animation Pre-Production', 3, 'lec', '-', '-', 0, '0'),
(108, 'inter', 'EN844203', 'Artificial Intelligence', 3, 'lec', '-', '-', 0, '0'),
(109, 'inter', 'EN844205', 'Virtual Reality', 3, 'lec', '-', '-', 0, '0'),
(110, 'inter', 'EN844206', 'Sound Design for Game and Animation', 3, 'lec', '-', '-', 0, '0'),
(111, 'inter', 'EN844207', 'Dynamic Simulation', 3, 'lec', '-', '-', 0, '0'),
(112, 'inter', 'EN844208', 'Gamification', 3, 'lec', '-', '-', 0, '0'),
(113, 'inter', 'EN844209', 'Serious Game', 3, 'lec', '-', '-', 0, '0'),
(114, 'inter', 'EN844306', 'Information Architecture and Visualization', 3, 'lec', '-', '-', 0, '0'),
(115, 'inter', 'EN844307', 'Ubiquitous Computing', 3, 'lec', '-', '-', 0, '0'),
(116, 'inter', 'EN844309', 'Computer network programming', 3, 'lec', '-', '-', 0, '0'),
(117, 'inter', 'EN844310', 'e-Learning', 3, 'lec', '-', '-', 0, '0'),
(118, 'inter', 'EN844311', 'Social Media', 3, 'lec', '-', '-', 0, '0'),
(119, 'inter', 'EN844312', 'Introduction to Software Engineering', 3, 'lec', '-', '-', 0, '0'),
(120, 'inter', 'EN844774', 'Special Topics in Digital Media Engineering', 3, 'lec', '-', '-', 0, '0'),
(121, 'bachelor', 'EN812200', 'DIGITAL LOGIC DESIGN', 0, 'lec', '-', '-', 2, '2'),
(122, 'bachelor', 'EN812201', 'DIGITAL LOGIC DESIGN LABORATORY', 1, 'lab', '-', '-', 2, '2'),
(123, 'inter', 'EN842101', '3D Modeling and Animation', 3, 'lec', '-', '-', 2, '2'),
(124, 'bachelor', 'EN814801', 'INTERNETWORKING', 3, 'lec', '-', '-', 2, '3'),
(125, 'inter', 'EN843305', 'Mobile app', 3, 'lec', '-', '-', 0, '0'),
(126, 'bachelor', 'EN814607', 'MICROCONTROLLERS LAB', 3, 'lab', '-', '-', 2, '3'),
(127, 'inter', 'EN844204', 'Online Game Development', 3, 'lec', '-', '-', 0, '0'),
(128, 'bachelor', 'EN242200', 'Analog', 3, 'lec', '-', '-', 1, '2'),
(129, 'bachelor', 'EN813705', 'ComTech', 3, 'lec', '-', '-', 0, '0'),
(130, 'bachelor', 'EN814804 ', 'wireless', 3, 'lec', '-', '-', 1, '4'),
(131, 'bachelor', 'EN001203', 'COMPUTER PROGRAMMING', 3, 'lec', '-', '-', 2, '1'),
(134, 'master', 'EN827892', 'Seminar II', 1, 'lec', '-', '-', 1, '5'),
(135, 'master', 'EN838991', 'Dissertation Seminar I', 1, 'lec', '-', '-', 1, '5'),
(136, 'bachelor', 'EN813501', 'DIGITAL IMAGE PROCESSING', 3, 'lec', 'EN812102 หรือ EN213107 หรือ 198215 หรือ 192301', '-', 1, '0'),
(137, 'master', 'EN838992', 'Dissertation Seminar II', 1, 'lec', '-', '-', 1, '5'),
(138, 'master', 'EN838993', 'Dissertation Seminar III', 1, 'lec', '-', '-', 1, '5'),
(139, 'bachelor', '198451', 'ARTIFICIAL INTELLIGENCE', 3, 'lec', '198200 หรือ 188200 หรือ 188200 หรือ EN812000 (วิชา', '-', 2, '0'),
(140, 'bachelor', '198469', 'SPECIAL TOPICS IN COMPUTER HARDWARE', 3, 'lec', '-', '-', 2, '4'),
(141, 'bachelor', '198476', 'VIDEO GAME DESIGN', 3, 'lec', '-', '-', 2, '4'),
(142, 'bachelor', '198420', 'EMBEDDED SYSTEMS', 3, 'lec', '198323 หรือ EN813601 (วิชา 198323 เทียบเท่าวิชา EN', '-', 2, '4');

-- --------------------------------------------------------

--
-- Table structure for table `lecture`
--

CREATE TABLE `lecture` (
  `lec_id` int(11) NOT NULL,
  `lecture_name` varchar(50) CHARACTER SET utf8 NOT NULL
) ENGINE=InnoDB DEFAULT CHARSET=latin1;

--
-- Dumping data for table `lecture`
--

INSERT INTO `lecture` (`lec_id`, `lecture_name`) VALUES
(1, 'ดร.วาธิส'),
(2, 'ผศ.ดร.ภัทรวิทย์'),
(3, 'ผศ.ดร.จิระเดช'),
(4, 'รศ.วิโรจน์'),
(5, 'ผศ.ดร.ภาณุพงษ์'),
(6, 'ดร.กิตติ์'),
(7, 'รศ.ดร.กานดา'),
(8, 'รศ.ดร.วนิดา'),
(9, 'ดร.นวภัค'),
(10, 'ดร.วสุ'),
(11, 'ผศ.กิตติพิชญ์'),
(12, 'ผศ.อานุภาพ'),
(13, 'รศ.ชาญณรงค์'),
(14, 'ผศ.จุฬาภรณ์'),
(15, 'รศ.ดร.ธัชพงศ์'),
(16, 'ผศ.ดร.ดารณี'),
(17, 'ดร.ชวิศ'),
(18, 'ผศ.ดร.ชัชชัย'),
(19, 'ผศ.อนัตต์ '),
(20, 'รศ.พิเชษฐ'),
(21, 'ผศ.ดร.วิชชา'),
(24, 'ผศ.ดร.กรชวัล'),
(25, 'ผศ.นิยม');

-- --------------------------------------------------------

--
-- Table structure for table `lec_course`
--

CREATE TABLE `lec_course` (
  `lc_index` int(11) NOT NULL,
  `lec_id` int(255) NOT NULL,
  `course_id` int(255) NOT NULL
) ENGINE=InnoDB DEFAULT CHARSET=latin1;

--
-- Dumping data for table `lec_course`
--

INSERT INTO `lec_course` (`lc_index`, `lec_id`, `course_id`) VALUES
(5, 7, 18),
(6, 5, 19),
(10, 1, 0),
(11, 1, 28),
(12, 1, 26),
(13, 1, 64),
(14, 1, 75),
(15, 2, 6),
(16, 2, 20),
(17, 2, 26),
(18, 0, 46),
(19, 2, 46),
(20, 2, 47),
(21, 2, 79),
(22, 3, 108),
(23, 3, 83),
(24, 3, 76),
(25, 3, 77),
(26, 3, 86),
(27, 3, 81),
(28, 3, 90),
(29, 3, 83),
(30, 3, 73),
(31, 3, 35),
(32, 3, 26),
(33, 3, 4),
(34, 4, 26),
(35, 4, 33),
(36, 4, 51),
(37, 4, 38),
(38, 5, 26),
(39, 5, 38),
(40, 5, 73),
(41, 5, 74),
(42, 5, 85),
(43, 5, 76),
(44, 5, 82),
(45, 5, 118),
(46, 5, 93),
(47, 0, 94),
(48, 5, 94),
(49, 5, 89),
(50, 5, 84),
(51, 6, 26),
(52, 6, 43),
(53, 6, 91),
(54, 6, 52),
(55, 7, 9),
(56, 7, 46),
(57, 7, 47),
(58, 7, 59),
(59, 7, 76),
(60, 7, 77),
(61, 7, 83),
(62, 8, 56),
(63, 9, 28),
(64, 9, 13),
(65, 9, 26),
(66, 9, 14),
(67, 0, 31),
(68, 10, 25),
(69, 10, 26),
(70, 10, 53),
(71, 10, 35),
(72, 11, 73),
(73, 12, 79),
(74, 15, 26),
(75, 15, 4),
(76, 15, 30),
(77, 16, 48),
(78, 16, 49),
(79, 16, 30),
(80, 16, 32),
(81, 16, 31),
(82, 17, 65),
(83, 17, 81),
(84, 17, 28),
(85, 18, 34),
(86, 18, 35),
(87, 18, 69),
(88, 18, 70),
(89, 18, 72),
(90, 19, 72),
(91, 20, 27),
(92, 20, 41),
(93, 20, 54),
(94, 20, 55),
(95, 21, 61),
(96, 21, 87),
(97, 21, 73),
(98, 21, 86),
(99, 21, 88),
(100, 21, 78),
(101, 21, 109),
(102, 21, 113),
(103, 21, 92),
(104, 21, 85),
(105, 24, 78),
(106, 5, 123),
(107, 10, 66),
(108, 4, 131),
(109, 16, 134),
(110, 16, 135),
(111, 9, 136),
(112, 1, 17),
(113, 8, 137),
(114, 18, 138),
(115, 8, 139);

-- --------------------------------------------------------

--
-- Table structure for table `room`
--

CREATE TABLE `room` (
  `room_id` int(11) NOT NULL,
  `room_name` varchar(11) CHARACTER SET utf8 NOT NULL
) ENGINE=InnoDB DEFAULT CHARSET=latin1;

--
-- Dumping data for table `room`
--

INSERT INTO `room` (`room_id`, `room_name`) VALUES
(3, 'EN04101'),
(17, 'EN04210'),
(21, 'EN04301'),
(22, 'EN04303'),
(23, 'EN04309'),
(24, 'EN04310'),
(29, 'EN04401'),
(30, 'EN04410'),
(32, 'EN04411B'),
(36, 'EN04502'),
(37, 'EN16606'),
(38, 'EN16301A'),
(39, 'EN17204'),
(40, 'EN16901');

-- --------------------------------------------------------

--
-- Table structure for table `semester_tb`
--

CREATE TABLE `semester_tb` (
  `semister_name` varchar(100) NOT NULL,
  `semester_value` int(11) NOT NULL
) ENGINE=InnoDB DEFAULT CHARSET=latin1;

--
-- Dumping data for table `semester_tb`
--

INSERT INTO `semester_tb` (`semister_name`, `semester_value`) VALUES
('First Semester', 1),
('Second Semester', 2),
('Third Semester', 3),
('Fourth Semester', 4);

-- --------------------------------------------------------

--
-- Table structure for table `teach`
--

CREATE TABLE `teach` (
  `teach_id` int(11) NOT NULL,
  `room_id` int(11) NOT NULL,
  `course_id` int(11) NOT NULL,
  `lec_id` int(11) NOT NULL,
  `semester` int(11) NOT NULL,
  `day` varchar(10) NOT NULL,
  `start_hour` int(11) NOT NULL,
  `start_min` int(11) NOT NULL,
  `end_hour` int(11) NOT NULL,
  `end_min` int(11) NOT NULL
) ENGINE=InnoDB DEFAULT CHARSET=latin1;

--
-- Dumping data for table `teach`
--

INSERT INTO `teach` (`teach_id`, `room_id`, `course_id`, `lec_id`, `semester`, `day`, `start_hour`, `start_min`, `end_hour`, `end_min`) VALUES
(1, 5, 19, 3, 2, 'Sat', 10, 0, 12, 0),
(2, 8, 21, 7, 3, 'Mon', 9, 0, 14, 0),
(3, 8, 22, 21, 1, 'Tue', 10, 0, 13, 0),
(4, 8, 23, 19, 2, 'Tue', 11, 19, 14, 19),
(5, 8, 22, 21, 2, 'Fri', 11, 1, 13, 0),
(6, 32, 6, 18, 2, 'Mon', 9, 0, 10, 0),
(7, 32, 86, 21, 1, 'Mon', 9, 0, 12, 0),
(8, 32, 8, 5, 2, 'Tue', 11, 10, 15, 10),
(9, 8, 6, 15, 1, 'Tue', 13, 0, 16, 0),
(10, 8, 7, 6, 1, 'Mon', 9, 0, 12, 0),
(11, 8, 18, 17, 1, 'Wed', 10, 0, 12, 0),
(12, 3, 14, 9, 2, 'Mon', 9, 0, 10, 30),
(13, 3, 121, 16, 2, 'Mon', 10, 30, 12, 0),
(14, 3, 14, 9, 2, 'Wed', 9, 0, 10, 30),
(15, 3, 121, 16, 2, 'Wed', 10, 30, 12, 0),
(16, 24, 122, 16, 2, 'Mon', 17, 0, 20, 0),
(17, 32, 83, 3, 2, 'Mon', 13, 0, 14, 30),
(18, 32, 83, 3, 2, 'Wed', 13, 0, 14, 30),
(19, 8, 83, 3, 2, 'Mon', 13, 0, 14, 30),
(20, 8, 83, 3, 2, 'Wed', 13, 0, 14, 30),
(21, 23, 54, 20, 2, 'Mon', 9, 0, 10, 30),
(22, 23, 54, 20, 2, 'Wed', 9, 0, 10, 30),
(23, 23, 53, 10, 2, 'Mon', 10, 30, 12, 0),
(24, 23, 53, 10, 2, 'Wed', 10, 30, 12, 0),
(25, 3, 62, 24, 2, 'Mon', 13, 0, 14, 30),
(26, 29, 55, 20, 2, 'Mon', 14, 30, 17, 30),
(27, 3, 69, 18, 2, 'Mon', 14, 30, 17, 30),
(28, 3, 121, 16, 2, 'Mon', 10, 30, 12, 0),
(29, 30, 108, 3, 2, 'Mon', 10, 30, 12, 0),
(30, 30, 108, 3, 2, 'Thu', 10, 30, 12, 0),
(31, 30, 125, 21, 2, 'Mon', 9, 0, 10, 30),
(32, 30, 125, 21, 2, 'Thu', 9, 0, 10, 30),
(33, 30, 64, 1, 2, 'Tue', 13, 0, 15, 0),
(34, 30, 61, 21, 2, 'Tue', 9, 0, 12, 0),
(35, 30, 127, 21, 2, 'Tue', 16, 0, 19, 0),
(36, 22, 113, 21, 2, 'Mon', 14, 0, 17, 0),
(37, 22, 65, 1, 2, 'Mon', 9, 0, 10, 30),
(38, 22, 65, 1, 2, 'Wed', 9, 0, 10, 30),
(39, 22, 71, 5, 2, 'Mon', 10, 30, 12, 0),
(40, 22, 71, 5, 2, 'Wed', 10, 30, 12, 0),
(41, 22, 58, 17, 2, 'Tue', 13, 0, 16, 0),
(42, 22, 50, 1, 2, 'Wed', 13, 0, 16, 0),
(43, 22, 13, 9, 2, 'Thu', 10, 30, 12, 0),
(44, 22, 13, 9, 2, 'Tue', 10, 30, 12, 0),
(45, 22, 113, 21, 2, 'Thu', 13, 0, 16, 0),
(46, 22, 57, 5, 2, 'Fri', 9, 0, 12, 0),
(47, 22, 97, 5, 2, 'Fri', 14, 30, 17, 30),
(48, 36, 74, 5, 2, 'Tue', 9, 0, 10, 30),
(49, 36, 74, 5, 2, 'Thu', 9, 0, 10, 30),
(50, 0, 0, 0, 0, '', 0, 0, 0, 0),
(51, 36, 90, 3, 2, 'Tue', 10, 30, 12, 0),
(52, 36, 90, 3, 2, 'Fri', 10, 30, 12, 0),
(53, 36, 89, 5, 2, 'Tue', 13, 0, 16, 0),
(54, 36, 118, 5, 2, 'Tue', 16, 0, 19, 0),
(55, 36, 91, 6, 2, 'Wed', 13, 0, 14, 30),
(56, 36, 91, 6, 2, 'Thu', 13, 0, 14, 30),
(57, 36, 110, 5, 2, 'Wed', 14, 30, 17, 30),
(58, 36, 109, 21, 2, 'Fri', 14, 30, 17, 30),
(59, 24, 49, 16, 2, 'Fri', 17, 0, 20, 0),
(60, 24, 49, 16, 2, 'Tue', 17, 0, 20, 0),
(61, 24, 49, 16, 2, 'Wed', 14, 0, 17, 0),
(62, 29, 55, 20, 2, 'Tue', 14, 0, 17, 0),
(63, 3, 52, 6, 2, 'Tue', 10, 30, 12, 0),
(64, 3, 52, 6, 2, 'Thu', 10, 30, 12, 0),
(65, 3, 15, 4, 2, 'Tue', 9, 0, 10, 30),
(66, 3, 15, 4, 2, 'Thu', 9, 0, 10, 30),
(67, 3, 70, 18, 2, 'Wed', 13, 0, 16, 0),
(68, 3, 69, 18, 2, 'Thu', 13, 0, 16, 0),
(69, 3, 62, 24, 2, 'Fri', 10, 30, 12, 0),
(70, 23, 56, 8, 2, 'Tue', 13, 0, 16, 0),
(71, 23, 68, 8, 2, 'Tue', 9, 0, 12, 0),
(72, 23, 67, 5, 2, 'Thu', 10, 30, 12, 0),
(73, 23, 67, 5, 2, 'Fri', 13, 0, 14, 30),
(74, 23, 63, 20, 2, 'Fri', 9, 0, 12, 0),
(75, 21, 64, 1, 2, 'Tue', 15, 0, 18, 0),
(76, 36, 60, 5, 2, 'Mon', 14, 30, 17, 30),
(77, 36, 60, 5, 2, 'Thu', 13, 0, 16, 0),
(78, 36, 91, 6, 2, 'Fri', 13, 0, 14, 30),
(79, 3, 128, 9, 1, 'Mon', 9, 0, 10, 30),
(80, 3, 128, 9, 1, 'Wed', 9, 0, 10, 30),
(81, 3, 128, 9, 1, 'Mon', 9, 0, 10, 30),
(82, 22, 25, 10, 1, 'Wed', 9, 0, 10, 30),
(83, 3, 41, 20, 1, 'Mon', 13, 0, 14, 30),
(84, 3, 41, 20, 1, 'Fri', 10, 30, 12, 0),
(85, 3, 30, 16, 1, 'Tue', 9, 0, 10, 30),
(86, 3, 30, 16, 1, 'Thu', 9, 0, 10, 30),
(87, 3, 34, 18, 1, 'Tue', 10, 30, 12, 0),
(88, 3, 34, 18, 1, 'Thu', 10, 30, 12, 0),
(89, 3, 43, 6, 1, 'Wed', 14, 30, 16, 0),
(90, 3, 43, 6, 1, 'Tue', 14, 30, 16, 0),
(91, 22, 27, 20, 1, 'Mon', 9, 0, 10, 30),
(92, 22, 27, 20, 1, 'Wed', 13, 0, 14, 30),
(93, 22, 32, 16, 1, 'Mon', 10, 30, 12, 0),
(94, 22, 32, 16, 1, 'Wed', 10, 30, 12, 0),
(95, 22, 6, 2, 1, 'Tue', 10, 30, 12, 0),
(96, 22, 6, 2, 1, 'Thu', 10, 30, 12, 0),
(97, 22, 33, 4, 1, 'Wed', 9, 0, 10, 30),
(98, 22, 33, 4, 1, 'Fri', 9, 0, 10, 30),
(99, 22, 129, 24, 1, 'Mon', 13, 0, 14, 30),
(100, 22, 129, 24, 1, 'Fri', 13, 0, 14, 30),
(101, 24, 31, 16, 1, 'Mon', 14, 0, 17, 0),
(102, 24, 31, 16, 1, 'Tue', 14, 0, 17, 0),
(103, 29, 35, 18, 1, 'Mon', 14, 0, 17, 0),
(104, 29, 35, 10, 1, 'Tue', 14, 0, 17, 0),
(105, 29, 35, 3, 1, 'Tue', 17, 0, 20, 0),
(106, 30, 36, 9, 1, 'Mon', 14, 30, 16, 30),
(107, 30, 129, 24, 1, 'Tue', 10, 30, 12, 0),
(108, 30, 129, 24, 1, 'Thu', 10, 30, 12, 0),
(109, 30, 85, 5, 1, 'Wed', 9, 0, 12, 0),
(110, 30, 84, 5, 1, 'Wed', 14, 0, 17, 0),
(111, 23, 40, 17, 1, 'Mon', 9, 0, 10, 30),
(112, 23, 40, 17, 1, 'Wed', 9, 0, 10, 30),
(113, 8, 86, 21, 1, 'Mon', 9, 0, 12, 0),
(114, 32, 87, 21, 1, 'Tue', 9, 0, 10, 30),
(115, 32, 87, 21, 1, 'Thu', 9, 0, 10, 30),
(116, 32, 88, 21, 1, 'Tue', 13, 0, 14, 30),
(117, 32, 88, 21, 1, 'Fri', 13, 0, 14, 30),
(118, 32, 80, 25, 1, 'Tue', 15, 0, 16, 30),
(119, 32, 80, 25, 1, 'Fri', 15, 0, 16, 30),
(120, 23, 39, 20, 1, 'Tue', 9, 0, 10, 30),
(121, 23, 39, 20, 1, 'Thu', 9, 0, 10, 30),
(122, 23, 42, 1, 1, 'Tue', 10, 30, 12, 0),
(123, 23, 42, 1, 1, 'Thu', 10, 30, 12, 0),
(124, 23, 130, 18, 1, 'Mon', 10, 30, 12, 0),
(125, 23, 130, 18, 1, 'Wed', 10, 30, 12, 0),
(126, 32, 113, 21, 1, 'Fri', 9, 0, 12, 0),
(127, 36, 92, 21, 1, 'Mon', 13, 0, 14, 30),
(128, 36, 92, 21, 1, 'Wed', 13, 0, 14, 30),
(129, 36, 127, 21, 1, 'Mon', 16, 0, 19, 0),
(130, 36, 73, 5, 1, 'Tue', 10, 30, 12, 0),
(131, 36, 73, 5, 1, 'Thu', 10, 30, 12, 0),
(132, 36, 78, 24, 1, 'Wed', 9, 0, 10, 30),
(133, 36, 78, 24, 1, 'Fri', 9, 0, 10, 30),
(134, 36, 75, 1, 1, 'Wed', 10, 30, 12, 0),
(135, 36, 75, 1, 1, 'Fri', 10, 30, 12, 0),
(136, 1, 33, 20, 1, 'Mon', 9, 0, 10, 30),
(137, 36, 123, 5, 2, 'Mon', 9, 0, 10, 30),
(138, 36, 123, 5, 2, 'Wed', 9, 0, 10, 30),
(139, 36, 79, 12, 2, 'Mon', 10, 30, 12, 0),
(140, 36, 79, 12, 2, 'Wed', 10, 30, 12, 0),
(141, 23, 66, 10, 2, 'Thu', 9, 0, 10, 30),
(142, 23, 66, 10, 2, 'Fri', 15, 0, 16, 30),
(143, 3, 131, 4, 2, 'Tue', 13, 0, 14, 30),
(144, 3, 131, 4, 2, 'Fri', 13, 0, 14, 30),
(145, 32, 84, 5, 1, 'Wed', 14, 0, 17, 0),
(146, 22, 131, 4, 1, 'Tue', 9, 0, 10, 30),
(147, 22, 131, 4, 1, 'Thu', 9, 0, 10, 30),
(148, 22, 134, 16, 1, 'Tue', 14, 0, 15, 0),
(149, 22, 135, 16, 1, 'Tue', 15, 0, 16, 0),
(150, 17, 136, 9, 1, 'Wed', 14, 30, 17, 30),
(151, 3, 25, 10, 1, 'Mon', 10, 30, 12, 0),
(152, 3, 25, 10, 1, 'Wed', 10, 30, 12, 0),
(153, 3, 38, 5, 1, 'Fri', 14, 30, 17, 30),
(154, 24, 28, 1, 1, 'Tue', 17, 0, 20, 0),
(155, 24, 28, 1, 1, 'Wed', 15, 0, 18, 0),
(156, 24, 28, 1, 1, 'Fri', 17, 0, 20, 0),
(157, 23, 16, 4, 1, 'Tue', 13, 0, 14, 0),
(158, 23, 137, 8, 1, 'Wed', 13, 0, 14, 0),
(159, 23, 138, 18, 1, 'Wed', 14, 0, 15, 0),
(160, 30, 139, 8, 2, 'Tue', 9, 0, 12, 0),
(161, 30, 20, 2, 2, 'Thu', 12, 30, 14, 0),
(162, 30, 20, 2, 2, 'Fri', 10, 30, 12, 0),
(163, 30, 109, 21, 2, 'Fri', 14, 30, 17, 30),
(164, 32, 83, 7, 2, 'Mon', 10, 30, 12, 0),
(165, 32, 83, 7, 2, 'Tue', 16, 30, 18, 0),
(166, 32, 110, 5, 2, 'Mon', 13, 0, 16, 0),
(167, 32, 125, 7, 2, 'Fri', 9, 0, 10, 30),
(168, 32, 125, 7, 2, 'Fri', 13, 0, 14, 30),
(169, 36, 91, 6, 2, 'Tue', 9, 0, 10, 30),
(170, 36, 91, 6, 2, 'Thu', 9, 0, 10, 30),
(171, 36, 90, 3, 2, 'Tue', 10, 30, 12, 0),
(172, 36, 90, 3, 2, 'Fri', 10, 30, 12, 0),
(173, 36, 82, 5, 2, 'Wed', 9, 0, 12, 0),
(174, 36, 89, 5, 2, 'Wed', 13, 0, 16, 0),
(175, 23, 52, 6, 2, 'Mon', 9, 0, 10, 30),
(176, 23, 52, 6, 2, 'Wed', 9, 0, 10, 30),
(177, 23, 53, 10, 2, 'Mon', 10, 30, 12, 0),
(178, 23, 53, 10, 2, 'Wed', 10, 30, 12, 0),
(179, 23, 34, 18, 2, 'Mon', 12, 30, 14, 0),
(180, 23, 34, 18, 2, 'Wed', 12, 30, 14, 0),
(181, 23, 69, 18, 2, 'Mon', 14, 0, 17, 0),
(182, 23, 56, 8, 2, 'Tue', 13, 0, 16, 0),
(183, 23, 54, 20, 2, 'Tue', 10, 30, 12, 0),
(184, 23, 54, 20, 2, 'Thu', 10, 30, 12, 0),
(185, 23, 41, 20, 2, 'Fri', 9, 0, 12, 0),
(186, 23, 140, 17, 2, 'Wed', 14, 0, 17, 0),
(187, 24, 49, 16, 2, 'Mon', 17, 0, 20, 0),
(188, 24, 49, 16, 2, 'Tue', 17, 0, 20, 0),
(189, 24, 49, 16, 2, 'Fri', 17, 0, 20, 0),
(190, 24, 49, 16, 2, 'Wed', 14, 30, 17, 30),
(191, 29, 55, 20, 2, 'Mon', 14, 0, 17, 0),
(192, 29, 55, 20, 2, 'Tue', 14, 0, 17, 0),
(193, 3, 14, 9, 2, 'Mon', 9, 0, 10, 30),
(194, 3, 14, 9, 2, 'Wed', 9, 0, 10, 30),
(195, 3, 48, 16, 2, 'Mon', 10, 30, 12, 0),
(196, 3, 48, 16, 2, 'Wed', 10, 30, 12, 0),
(197, 3, 51, 4, 2, 'Tue', 9, 0, 10, 30),
(198, 3, 51, 4, 2, 'Thu', 9, 0, 10, 30),
(199, 3, 13, 9, 2, 'Tue', 10, 30, 12, 0),
(200, 3, 13, 9, 2, 'Thu', 10, 30, 12, 0),
(201, 3, 131, 4, 2, 'Tue', 13, 0, 14, 30),
(202, 3, 131, 4, 2, 'Fri', 13, 0, 14, 30),
(203, 21, 64, 1, 2, 'Mon', 15, 0, 18, 0),
(204, 22, 74, 5, 2, 'Tue', 9, 0, 10, 30),
(205, 22, 74, 5, 2, 'Thu', 9, 0, 10, 30),
(206, 22, 70, 18, 2, 'Fri', 9, 0, 12, 0),
(207, 22, 141, 21, 2, 'Mon', 10, 30, 12, 0),
(208, 22, 141, 21, 2, 'Wed', 10, 30, 12, 0),
(209, 22, 64, 1, 2, 'Tue', 13, 0, 15, 0),
(210, 22, 142, 17, 2, 'Mon', 14, 0, 17, 0);

-- --------------------------------------------------------

--
-- Table structure for table `teacher`
--

CREATE TABLE `teacher` (
  `teacher_id` int(11) NOT NULL,
  `teacher_name` varchar(100) CHARACTER SET utf8 NOT NULL
) ENGINE=InnoDB DEFAULT CHARSET=latin1;

--
-- Dumping data for table `teacher`
--

INSERT INTO `teacher` (`teacher_id`, `teacher_name`) VALUES
(1, 'ดร.วาธิส'),
(2, 'ผศ.ดร.ภัทรวิทย์'),
(3, 'ผศ.ดร.จิระเดช'),
(5, 'ผศ.ดร.ภาณุพงษ์'),
(6, 'ดร.กิตติ์'),
(7, 'รศ.ดร.กานดา'),
(11, 'ผศ.กิตติพิชญ์'),
(17, 'ดร.ชวิศ'),
(21, 'ผศ.ดร.วิชชา'),
(22, 'ผศ.ดร.กรชวัล'),
(23, 'ผศ.นิยม');

-- --------------------------------------------------------

--
-- Table structure for table `timetable`
--

CREATE TABLE `timetable` (
  `timetable_id` int(11) NOT NULL,
  `room_id` int(11) NOT NULL,
  `course_id` int(11) NOT NULL,
  `lec_id` int(11) NOT NULL,
  `year` varchar(50) CHARACTER SET utf8 NOT NULL,
  `semester` int(11) NOT NULL,
  `day` varchar(10) CHARACTER SET utf8 NOT NULL,
  `start_hour` int(11) NOT NULL,
  `start_min` int(11) NOT NULL,
  `end_hour` int(11) NOT NULL,
  `end_min` int(11) NOT NULL
) ENGINE=InnoDB DEFAULT CHARSET=latin1;

--
-- Dumping data for table `timetable`
--

INSERT INTO `timetable` (`timetable_id`, `room_id`, `course_id`, `lec_id`, `year`, `semester`, `day`, `start_hour`, `start_min`, `end_hour`, `end_min`) VALUES
(14, 5, 19, 3, '2563', 2, 'Sat', 10, 0, 12, 0),
(15, 8, 21, 7, '2563', 3, 'Mon', 9, 0, 14, 0),
(16, 8, 22, 21, '2563', 1, 'Tue', 10, 0, 13, 0),
(17, 8, 23, 19, '2563', 2, 'Tue', 11, 19, 14, 19),
(18, 8, 22, 21, '2563', 2, 'Fri', 11, 1, 13, 0),
(19, 32, 6, 18, '2563', 2, 'Mon', 9, 0, 10, 0),
(20, 32, 86, 21, '2563', 1, 'Mon', 9, 0, 12, 0),
(21, 32, 8, 5, '2563', 2, 'Tue', 11, 10, 15, 10),
(24, 8, 6, 15, '2563', 1, 'Tue', 13, 0, 16, 0),
(25, 8, 7, 6, '2563', 1, 'Mon', 9, 0, 12, 0),
(26, 8, 18, 17, '2563', 1, 'Wed', 10, 0, 12, 0),
(27, 3, 14, 9, '2563', 2, 'Mon', 9, 0, 10, 30),
(28, 3, 121, 16, '2563', 2, 'Mon', 10, 30, 12, 0),
(29, 3, 14, 9, '2563', 2, 'Wed', 9, 0, 10, 30),
(30, 3, 121, 16, '2563', 2, 'Wed', 10, 30, 12, 0),
(31, 24, 122, 16, '2563', 2, 'Mon', 17, 0, 20, 0),
(37, 32, 83, 3, '2563', 2, 'Mon', 13, 0, 14, 30),
(38, 32, 83, 3, '2563', 2, 'Wed', 13, 0, 14, 30),
(39, 8, 83, 3, '2563', 2, 'Mon', 13, 0, 14, 30),
(40, 8, 83, 3, '2563', 2, 'Wed', 13, 0, 14, 30),
(41, 23, 54, 20, '2563', 2, 'Mon', 9, 0, 10, 30),
(42, 23, 54, 20, '2563', 2, 'Wed', 9, 0, 10, 30),
(43, 23, 53, 10, '2563', 2, 'Mon', 10, 30, 12, 0),
(44, 23, 53, 10, '2563', 2, 'Wed', 10, 30, 12, 0),
(45, 3, 62, 24, '2563', 2, 'Mon', 13, 0, 14, 30),
(46, 29, 55, 20, '2563', 2, 'Mon', 14, 30, 17, 30),
(47, 3, 69, 18, '2563', 2, 'Mon', 14, 30, 17, 30),
(48, 3, 121, 16, '2563', 2, 'Mon', 10, 30, 12, 0),
(49, 30, 108, 3, '2563', 2, 'Mon', 10, 30, 12, 0),
(50, 30, 108, 3, '2563', 2, 'Thu', 10, 30, 12, 0),
(51, 30, 125, 21, '2563', 2, 'Mon', 9, 0, 10, 30),
(52, 30, 125, 21, '2563', 2, 'Thu', 9, 0, 10, 30),
(53, 30, 64, 1, '2563', 2, 'Tue', 13, 0, 15, 0),
(55, 30, 61, 21, '2563', 2, 'Tue', 9, 0, 12, 0),
(56, 30, 127, 21, '2563', 2, 'Tue', 16, 0, 19, 0),
(57, 22, 113, 21, '2563', 2, 'Mon', 14, 0, 17, 0),
(58, 22, 65, 1, '2563', 2, 'Mon', 9, 0, 10, 30),
(59, 22, 65, 1, '2563', 2, 'Wed', 9, 0, 10, 30),
(60, 22, 71, 5, '2563', 2, 'Mon', 10, 30, 12, 0),
(61, 22, 71, 5, '2563', 2, 'Wed', 10, 30, 12, 0),
(62, 22, 58, 17, '2563', 2, 'Tue', 13, 0, 16, 0),
(63, 22, 50, 1, '2563', 2, 'Wed', 13, 0, 16, 0),
(64, 22, 13, 9, '2563', 2, 'Thu', 10, 30, 12, 0),
(65, 22, 13, 9, '2563', 2, 'Tue', 10, 30, 12, 0),
(66, 22, 113, 21, '2563', 2, 'Thu', 13, 0, 16, 0),
(67, 22, 57, 5, '2563', 2, 'Fri', 9, 0, 12, 0),
(68, 22, 97, 5, '2563', 2, 'Fri', 14, 30, 17, 30),
(69, 36, 74, 5, '2563', 2, 'Tue', 9, 0, 10, 30),
(70, 36, 74, 5, '2563', 2, 'Thu', 9, 0, 10, 30),
(71, 0, 0, 0, '2563', 0, '', 0, 0, 0, 0),
(72, 36, 90, 3, '2563', 2, 'Tue', 10, 30, 12, 0),
(73, 36, 90, 3, '2563', 2, 'Fri', 10, 30, 12, 0),
(74, 36, 89, 5, '2563', 2, 'Tue', 13, 0, 16, 0),
(75, 36, 118, 5, '2563', 2, 'Tue', 16, 0, 19, 0),
(76, 36, 91, 6, '2563', 2, 'Wed', 13, 0, 14, 30),
(77, 36, 91, 6, '2563', 2, 'Thu', 13, 0, 14, 30),
(78, 36, 110, 5, '2563', 2, 'Wed', 14, 30, 17, 30),
(79, 36, 109, 21, '2563', 2, 'Fri', 14, 30, 17, 30),
(80, 24, 49, 16, '2563', 2, 'Fri', 17, 0, 20, 0),
(81, 24, 49, 16, '2563', 2, 'Tue', 17, 0, 20, 0),
(82, 24, 49, 16, '2563', 2, 'Wed', 14, 0, 17, 0),
(83, 29, 55, 20, '2563', 2, 'Tue', 14, 0, 17, 0),
(84, 3, 52, 6, '2563', 2, 'Tue', 10, 30, 12, 0),
(85, 3, 52, 6, '2563', 2, 'Thu', 10, 30, 12, 0),
(86, 3, 15, 4, '2563', 2, 'Tue', 9, 0, 10, 30),
(87, 3, 15, 4, '2563', 2, 'Thu', 9, 0, 10, 30),
(88, 3, 70, 18, '2563', 2, 'Wed', 13, 0, 16, 0),
(89, 3, 69, 18, '2563', 2, 'Thu', 13, 0, 16, 0),
(90, 3, 62, 24, '2563', 2, 'Fri', 10, 30, 12, 0),
(91, 23, 56, 8, '2563', 2, 'Tue', 13, 0, 16, 0),
(92, 23, 68, 8, '2563', 2, 'Tue', 9, 0, 12, 0),
(93, 23, 67, 5, '2563', 2, 'Thu', 10, 30, 12, 0),
(94, 23, 67, 5, '2563', 2, 'Fri', 13, 0, 14, 30),
(95, 23, 63, 20, '2563', 2, 'Fri', 9, 0, 12, 0),
(96, 21, 64, 1, '2563', 2, 'Tue', 15, 0, 18, 0),
(97, 36, 60, 5, '2563', 2, 'Mon', 14, 30, 17, 30),
(98, 36, 60, 5, '2563', 2, 'Thu', 13, 0, 16, 0),
(99, 36, 91, 6, '2563', 2, 'Fri', 13, 0, 14, 30),
(100, 3, 128, 9, '2563', 1, 'Mon', 9, 0, 10, 30),
(101, 3, 128, 9, '2563', 1, 'Wed', 9, 0, 10, 30),
(102, 3, 128, 9, '2563', 1, 'Mon', 9, 0, 10, 30),
(103, 22, 25, 10, '2563', 1, 'Wed', 9, 0, 10, 30),
(104, 3, 41, 20, '2563', 1, 'Mon', 13, 0, 14, 30),
(105, 3, 41, 20, '2563', 1, 'Fri', 10, 30, 12, 0),
(106, 3, 30, 16, '2563', 1, 'Tue', 9, 0, 10, 30),
(107, 3, 30, 16, '2563', 1, 'Thu', 9, 0, 10, 30),
(108, 3, 34, 18, '2563', 1, 'Tue', 10, 30, 12, 0),
(109, 3, 34, 18, '2563', 1, 'Thu', 10, 30, 12, 0),
(110, 3, 43, 6, '2563', 1, 'Wed', 14, 30, 16, 0),
(111, 3, 43, 6, '2563', 1, 'Tue', 14, 30, 16, 0),
(112, 22, 27, 20, '2563', 1, 'Mon', 9, 0, 10, 30),
(113, 22, 27, 20, '2563', 1, 'Wed', 13, 0, 14, 30),
(114, 22, 32, 16, '2563', 1, 'Mon', 10, 30, 12, 0),
(115, 22, 32, 16, '2563', 1, 'Wed', 10, 30, 12, 0),
(116, 22, 6, 2, '2563', 1, 'Tue', 10, 30, 12, 0),
(117, 22, 6, 2, '2563', 1, 'Thu', 10, 30, 12, 0),
(118, 22, 33, 4, '2563', 1, 'Wed', 9, 0, 10, 30),
(119, 22, 33, 4, '2563', 1, 'Fri', 9, 0, 10, 30),
(120, 22, 129, 24, '2563', 1, 'Mon', 13, 0, 14, 30),
(121, 22, 129, 24, '2563', 1, 'Fri', 13, 0, 14, 30),
(122, 24, 31, 16, '2563', 1, 'Mon', 14, 0, 17, 0),
(123, 24, 31, 16, '2563', 1, 'Tue', 14, 0, 17, 0),
(124, 29, 35, 18, '2563', 1, 'Mon', 14, 0, 17, 0),
(125, 29, 35, 10, '2563', 1, 'Tue', 14, 0, 17, 0),
(126, 29, 35, 3, '2563', 1, 'Tue', 17, 0, 20, 0),
(127, 30, 36, 9, '2563', 1, 'Mon', 14, 30, 16, 30),
(128, 30, 129, 24, '2563', 1, 'Tue', 10, 30, 12, 0),
(129, 30, 129, 24, '2563', 1, 'Thu', 10, 30, 12, 0),
(130, 30, 85, 5, '2563', 1, 'Wed', 9, 0, 12, 0),
(131, 30, 84, 5, '2563', 1, 'Wed', 14, 0, 17, 0),
(135, 23, 40, 17, '2563', 1, 'Mon', 9, 0, 10, 30),
(136, 23, 40, 17, '2563', 1, 'Wed', 9, 0, 10, 30),
(139, 8, 86, 21, '2563', 1, 'Mon', 9, 0, 12, 0),
(140, 32, 87, 21, '2563', 1, 'Tue', 9, 0, 10, 30),
(141, 32, 87, 21, '2563', 1, 'Thu', 9, 0, 10, 30),
(142, 32, 88, 21, '2563', 1, 'Tue', 13, 0, 14, 30),
(143, 32, 88, 21, '2563', 1, 'Fri', 13, 0, 14, 30),
(144, 32, 80, 25, '2563', 1, 'Tue', 15, 0, 16, 30),
(145, 32, 80, 25, '2563', 1, 'Fri', 15, 0, 16, 30),
(146, 23, 39, 20, '2563', 1, 'Tue', 9, 0, 10, 30),
(147, 23, 39, 20, '2563', 1, 'Thu', 9, 0, 10, 30),
(148, 23, 42, 1, '2563', 1, 'Tue', 10, 30, 12, 0),
(149, 23, 42, 1, '2563', 1, 'Thu', 10, 30, 12, 0),
(150, 23, 130, 18, '2563', 1, 'Mon', 10, 30, 12, 0),
(151, 23, 130, 18, '2563', 1, 'Wed', 10, 30, 12, 0),
(152, 32, 113, 21, '2563', 1, 'Fri', 9, 0, 12, 0),
(153, 36, 92, 21, '2563', 1, 'Mon', 13, 0, 14, 30),
(154, 36, 92, 21, '2563', 1, 'Wed', 13, 0, 14, 30),
(155, 36, 127, 21, '2563', 1, 'Mon', 16, 0, 19, 0),
(157, 36, 73, 5, '2563', 1, 'Tue', 10, 30, 12, 0),
(158, 36, 73, 5, '2563', 1, 'Thu', 10, 30, 12, 0),
(159, 36, 78, 24, '2563', 1, 'Wed', 9, 0, 10, 30),
(160, 36, 78, 24, '2563', 1, 'Fri', 9, 0, 10, 30),
(161, 36, 75, 1, '2563', 1, 'Wed', 10, 30, 12, 0),
(162, 36, 75, 1, '2563', 1, 'Fri', 10, 30, 12, 0),
(163, 1, 33, 20, '2562', 1, 'Mon', 9, 0, 10, 30),
(165, 36, 123, 5, '2563 ', 2, 'Mon', 9, 0, 10, 30),
(166, 36, 123, 5, '2563 ', 2, 'Wed', 9, 0, 10, 30),
(167, 36, 79, 12, '2563 ', 2, 'Mon', 10, 30, 12, 0),
(168, 36, 79, 12, '2563 ', 2, 'Wed', 10, 30, 12, 0),
(169, 23, 66, 10, '2563 ', 2, 'Thu', 9, 0, 10, 30),
(170, 23, 66, 10, '2563 ', 2, 'Fri', 15, 0, 16, 30),
(171, 3, 131, 4, '2563 ', 2, 'Tue', 13, 0, 14, 30),
(172, 3, 131, 4, '2563 ', 2, 'Fri', 13, 0, 14, 30),
(173, 32, 84, 5, '2563 ', 1, 'Wed', 14, 0, 17, 0),
(174, 22, 131, 4, '2563 ', 1, 'Tue', 9, 0, 10, 30),
(175, 22, 131, 4, '2563 ', 1, 'Thu', 9, 0, 10, 30),
(176, 22, 134, 16, '2563 ', 1, 'Tue', 14, 0, 15, 0),
(177, 22, 135, 16, '2563 ', 1, 'Tue', 15, 0, 16, 0),
(178, 17, 136, 9, '2563 ', 1, 'Wed', 14, 30, 17, 30),
(179, 3, 25, 10, '2563 ', 1, 'Mon', 10, 30, 12, 0),
(180, 3, 25, 10, '2563 ', 1, 'Wed', 10, 30, 12, 0),
(181, 3, 38, 5, '2563 ', 1, 'Fri', 14, 30, 17, 30),
(182, 24, 28, 1, '2563 ', 1, 'Tue', 17, 0, 20, 0),
(183, 24, 28, 1, '2563 ', 1, 'Wed', 15, 0, 18, 0),
(184, 24, 28, 1, '2563 ', 1, 'Fri', 17, 0, 20, 0),
(185, 23, 16, 4, '2563 ', 1, 'Tue', 13, 0, 14, 0),
(186, 23, 137, 8, '2563 ', 1, 'Wed', 13, 0, 14, 0),
(187, 23, 138, 18, '2563 ', 1, 'Wed', 14, 0, 15, 0),
(188, 30, 139, 8, '2562 ', 2, 'Tue', 9, 0, 12, 0),
(189, 30, 20, 2, ' 2562', 2, 'Thu', 12, 30, 14, 0),
(190, 30, 20, 2, '2562 ', 2, 'Fri', 10, 30, 12, 0),
(191, 30, 109, 21, '2562 ', 2, 'Fri', 14, 30, 17, 30),
(192, 32, 83, 7, '2562 ', 2, 'Mon', 10, 30, 12, 0),
(193, 32, 83, 7, '2562 ', 2, 'Tue', 16, 30, 18, 0),
(194, 32, 110, 5, '2562 ', 2, 'Mon', 13, 0, 16, 0),
(195, 32, 125, 7, '2562 ', 2, 'Fri', 9, 0, 10, 30),
(196, 32, 125, 7, '2562 ', 2, 'Fri', 13, 0, 14, 30),
(197, 36, 91, 6, '2562 ', 2, 'Tue', 9, 0, 10, 30),
(198, 36, 91, 6, '2562 ', 2, 'Thu', 9, 0, 10, 30),
(199, 36, 90, 3, '2562 ', 2, 'Tue', 10, 30, 12, 0),
(200, 36, 90, 3, '2562 ', 2, 'Fri', 10, 30, 12, 0),
(201, 36, 82, 5, '2562 ', 2, 'Wed', 9, 0, 12, 0),
(202, 36, 89, 5, '2562 ', 2, 'Wed', 13, 0, 16, 0),
(203, 23, 52, 6, '2562 ', 2, 'Mon', 9, 0, 10, 30),
(204, 23, 52, 6, '2562 ', 2, 'Wed', 9, 0, 10, 30),
(205, 23, 53, 10, '2562 ', 2, 'Mon', 10, 30, 12, 0),
(206, 23, 53, 10, '2562 ', 2, 'Wed', 10, 30, 12, 0),
(207, 23, 34, 18, '2562 ', 2, 'Mon', 12, 30, 14, 0),
(208, 23, 34, 18, '2562 ', 2, 'Wed', 12, 30, 14, 0),
(209, 23, 69, 18, '2562 ', 2, 'Mon', 14, 0, 17, 0),
(210, 23, 56, 8, '2562 ', 2, 'Tue', 13, 0, 16, 0),
(211, 23, 54, 20, '2562 ', 2, 'Tue', 10, 30, 12, 0),
(212, 23, 54, 20, '2562 ', 2, 'Thu', 10, 30, 12, 0),
(213, 23, 41, 20, '2562 ', 2, 'Fri', 9, 0, 12, 0),
(214, 23, 140, 17, '2562 ', 2, 'Wed', 14, 0, 17, 0),
(215, 24, 49, 16, '2562 ', 2, 'Mon', 17, 0, 20, 0),
(216, 24, 49, 16, '2562', 2, 'Tue', 17, 0, 20, 0),
(217, 24, 49, 16, '2562', 2, 'Fri', 17, 0, 20, 0),
(218, 24, 49, 16, '2562', 2, 'Wed', 14, 30, 17, 30),
(219, 29, 55, 20, '2562 ', 2, 'Mon', 14, 0, 17, 0),
(220, 29, 55, 20, '2562 ', 2, 'Tue', 14, 0, 17, 0),
(221, 3, 14, 9, '2562 ', 2, 'Mon', 9, 0, 10, 30),
(222, 3, 14, 9, '2562 ', 2, 'Wed', 9, 0, 10, 30),
(223, 3, 48, 16, '2562 ', 2, 'Mon', 10, 30, 12, 0),
(224, 3, 48, 16, '2562 ', 2, 'Wed', 10, 30, 12, 0),
(225, 3, 51, 4, '2562 ', 2, 'Tue', 9, 0, 10, 30),
(226, 3, 51, 4, '2562 ', 2, 'Thu', 9, 0, 10, 30),
(227, 3, 13, 9, '2562 ', 2, 'Tue', 10, 30, 12, 0),
(228, 3, 13, 9, '2562 ', 2, 'Thu', 10, 30, 12, 0),
(229, 3, 131, 4, '2562 ', 2, 'Tue', 13, 0, 14, 30),
(230, 3, 131, 4, '2562 ', 2, 'Fri', 13, 0, 14, 30),
(231, 21, 64, 1, '2562 ', 2, 'Mon', 15, 0, 18, 0),
(232, 22, 74, 5, '2562 ', 2, 'Tue', 9, 0, 10, 30),
(233, 22, 74, 5, '2562 ', 2, 'Thu', 9, 0, 10, 30),
(234, 22, 70, 18, '2562 ', 2, 'Fri', 9, 0, 12, 0),
(235, 22, 141, 21, '2562 ', 2, 'Mon', 10, 30, 12, 0),
(236, 22, 141, 21, '2562 ', 2, 'Wed', 10, 30, 12, 0),
(237, 22, 64, 1, '2562 ', 2, 'Tue', 13, 0, 15, 0),
(238, 22, 142, 17, '2562 ', 2, 'Mon', 14, 0, 17, 0),
(241, 23, 16, 9, '2564', 2, 'Fri', 17, 11, 13, 12),
(242, 17, 62, 24, '2563 ', 3, 'Mon', 12, 0, 14, 0),
(243, 29, 55, 24, '2563 ', 1, 'Mon', 14, 0, 17, 0),
(244, 30, 129, 24, '2021 ', 3, 'Mon', 13, 0, 14, 30),
(245, 30, 129, 24, '2021 ', 3, 'Tue', 10, 30, 12, 0),
(246, 30, 78, 24, '2021 ', 3, 'Wed', 9, 0, 10, 30),
(247, 32, 78, 24, '2021 ', 3, 'Thu', 9, 0, 10, 30),
(248, 30, 129, 24, '2021 ', 3, 'Thu', 10, 30, 12, 30),
(249, 30, 129, 24, '2021 ', 3, 'Fri', 12, 0, 13, 30),
(250, 36, 86, 3, '2021 ', 3, 'Mon', 9, 0, 12, 0),
(251, 36, 131, 3, '2021 ', 3, 'Tue', 9, 0, 10, 30),
(252, 36, 73, 3, '2021 ', 3, 'Tue', 10, 30, 12, 0),
(253, 29, 35, 3, '2021 ', 3, 'Tue', 17, 0, 20, 0),
(254, 36, 85, 3, '2021 ', 1, 'Wed', 9, 0, 12, 0),
(255, 0, 4, 3, '2021 ', 3, 'Wed', 15, 0, 17, 0),
(256, 36, 4, 3, '2021 ', 3, 'Wed', 17, 0, 20, 0),
(257, 36, 131, 3, '2021 ', 3, 'Thu', 9, 0, 10, 30),
(258, 37, 73, 3, '2021 ', 3, 'Tue', 10, 30, 12, 0),
(259, 0, 26, 3, '2021 ', 1, 'Fri', 14, 0, 17, 0),
(260, 17, 76, 7, '2021 ', 3, 'Mon', 9, 0, 10, 30),
(261, 17, 76, 7, '2021 ', 3, 'Mon', 13, 0, 14, 30),
(262, 17, 37, 7, '2021 ', 3, 'Mon', 14, 45, 16, 15),
(263, 17, 77, 7, '2021 ', 1, 'Tue', 9, 0, 12, 0),
(264, 38, 9, 7, '2021 ', 3, 'Wed', 14, 45, 17, 15),
(265, 37, 73, 5, '2021 ', 3, 'Tue', 10, 45, 12, 0),
(266, 36, 120, 5, '2021 ', 3, 'Tue', 17, 0, 20, 0),
(267, 36, 85, 5, '2021 ', 1, 'Wed', 9, 0, 12, 0),
(268, 32, 84, 5, '2021 ', 3, 'Wed', 14, 45, 17, 15),
(269, 0, 118, 5, '2021 ', 3, 'Wed', 18, 0, 20, 0),
(270, 37, 73, 5, '2021 ', 3, 'Thu', 10, 30, 12, 0),
(271, 3, 38, 5, '2021 ', 3, 'Fri', 14, 0, 17, 0),
(272, 3, 6, 2, '2021 ', 3, 'Mon', 15, 0, 16, 15),
(273, 22, 6, 2, '2021 ', 3, 'Tue', 10, 45, 12, 0),
(274, 29, 134, 2, '2021 ', 1, 'Tue', 14, 0, 15, 0),
(275, 22, 6, 2, '2021 ', 3, 'Tue', 10, 45, 12, 0),
(276, 3, 6, 2, '2021 ', 3, 'Fri', 9, 0, 10, 30),
(277, 3, 26, 2, '2021 ', 1, 'Fri', 14, 0, 17, 0),
(278, 40, 86, 21, '2021 ', 1, 'Mon', 9, 0, 12, 0),
(279, 40, 92, 21, '2021 ', 1, 'Mon', 14, 30, 16, 0),
(280, 40, 127, 21, '2021 ', 3, 'Mon', 16, 0, 19, 0),
(281, 40, 87, 21, '2021 ', 3, 'Mon', 9, 0, 10, 30),
(282, 37, 73, 21, '2021 ', 3, 'Tue', 10, 30, 12, 0),
(283, 37, 88, 21, '2021 ', 3, 'Tue', 13, 0, 14, 30),
(284, 36, 85, 21, '2021 ', 1, 'Wed', 9, 0, 12, 0),
(285, 37, 87, 21, '2021 ', 3, 'Thu', 9, 0, 10, 30),
(286, 37, 87, 21, '2021 ', 3, 'Thu', 9, 0, 10, 30),
(287, 37, 73, 21, '2021 ', 3, 'Thu', 10, 30, 12, 0),
(288, 37, 92, 21, '2021 ', 3, 'Thu', 12, 45, 14, 0),
(289, 0, 113, 21, '2021 ', 3, 'Fri', 9, 0, 12, 0),
(290, 0, 88, 21, '2021 ', 3, 'Fri', 13, 0, 14, 30),
(291, 37, 73, 11, '2021 ', 3, 'Tue', 10, 30, 12, 0),
(292, 37, 48, 11, '2021 ', 3, 'Wed', 10, 30, 12, 0),
(293, 37, 73, 11, '2021 ', 3, 'Wed', 10, 30, 12, 0),
(294, 37, 73, 25, '2021 ', 3, 'Tue', 10, 45, 12, 0),
(295, 22, 80, 25, '2021 ', 3, 'Wed', 13, 0, 14, 15),
(296, 37, 73, 25, '2021 ', 3, 'Thu', 10, 45, 12, 0),
(297, 22, 80, 25, '2021 ', 3, 'Fri', 15, 0, 16, 15),
(298, 3, 43, 6, '2021 ', 3, 'Tue', 14, 45, 16, 0),
(299, 3, 43, 6, '2021 ', 3, 'Wed', 14, 45, 16, 0),
(300, 3, 26, 6, '2021 ', 1, 'Fri', 14, 0, 17, 0),
(301, 23, 42, 1, '2021 ', 3, 'Tue', 10, 45, 12, 0),
(302, 24, 28, 1, '2021 ', 1, 'Tue', 17, 0, 20, 0),
(303, 37, 75, 1, '2021 ', 3, 'Wed', 10, 45, 12, 0),
(304, 24, 17, 1, '2021 ', 1, 'Wed', 14, 45, 17, 15),
(305, 24, 17, 1, '2021 ', 1, 'Tue', 14, 45, 17, 15),
(306, 24, 28, 1, '2021 ', 1, 'Wed', 14, 45, 17, 15),
(307, 23, 42, 1, '2021 ', 3, 'Thu', 10, 45, 12, 0),
(308, 37, 75, 1, '2021 ', 3, 'Fri', 10, 45, 12, 0),
(309, 37, 26, 1, '2021 ', 1, 'Fri', 14, 0, 17, 0),
(310, 24, 17, 1, '2021 ', 1, 'Fri', 17, 0, 20, 0),
(311, 30, 129, 24, '2021 ', 3, 'Mon', 13, 0, 14, 15),
(312, 32, 131, 24, '2021 ', 3, 'Tue', 9, 0, 10, 15),
(313, 30, 129, 24, '2021 ', 3, 'Tue', 10, 20, 12, 0),
(314, 37, 78, 24, '2021 ', 3, 'Wed', 9, 0, 10, 15),
(315, 32, 131, 24, '2021 ', 3, 'Thu', 9, 0, 10, 15),
(316, 30, 129, 24, '2021 ', 3, 'Thu', 10, 0, 12, 0),
(317, 30, 78, 24, '2021 ', 3, 'Fri', 9, 0, 10, 15),
(318, 30, 129, 24, '2021 ', 3, 'Fri', 12, 0, 13, 20);

--
-- Indexes for dumped tables
--

--
-- Indexes for table `course`
--
ALTER TABLE `course`
  ADD PRIMARY KEY (`course_index`);

--
-- Indexes for table `lecture`
--
ALTER TABLE `lecture`
  ADD PRIMARY KEY (`lec_id`);

--
-- Indexes for table `lec_course`
--
ALTER TABLE `lec_course`
  ADD PRIMARY KEY (`lc_index`);

--
-- Indexes for table `room`
--
ALTER TABLE `room`
  ADD PRIMARY KEY (`room_id`);

--
-- Indexes for table `teach`
--
ALTER TABLE `teach`
  ADD PRIMARY KEY (`teach_id`);

--
-- Indexes for table `teacher`
--
ALTER TABLE `teacher`
  ADD PRIMARY KEY (`teacher_id`);

--
-- Indexes for table `timetable`
--
ALTER TABLE `timetable`
  ADD PRIMARY KEY (`timetable_id`);

--
-- AUTO_INCREMENT for dumped tables
--

--
-- AUTO_INCREMENT for table `course`
--
ALTER TABLE `course`
  MODIFY `course_index` int(11) NOT NULL AUTO_INCREMENT, AUTO_INCREMENT=143;

--
-- AUTO_INCREMENT for table `lecture`
--
ALTER TABLE `lecture`
  MODIFY `lec_id` int(11) NOT NULL AUTO_INCREMENT, AUTO_INCREMENT=26;

--
-- AUTO_INCREMENT for table `lec_course`
--
ALTER TABLE `lec_course`
  MODIFY `lc_index` int(11) NOT NULL AUTO_INCREMENT, AUTO_INCREMENT=116;

--
-- AUTO_INCREMENT for table `room`
--
ALTER TABLE `room`
  MODIFY `room_id` int(11) NOT NULL AUTO_INCREMENT, AUTO_INCREMENT=41;

--
-- AUTO_INCREMENT for table `teach`
--
ALTER TABLE `teach`
  MODIFY `teach_id` int(11) NOT NULL AUTO_INCREMENT, AUTO_INCREMENT=211;

--
-- AUTO_INCREMENT for table `teacher`
--
ALTER TABLE `teacher`
  MODIFY `teacher_id` int(11) NOT NULL AUTO_INCREMENT, AUTO_INCREMENT=24;

--
-- AUTO_INCREMENT for table `timetable`
--
ALTER TABLE `timetable`
  MODIFY `timetable_id` int(11) NOT NULL AUTO_INCREMENT, AUTO_INCREMENT=319;
COMMIT;

/*!40101 SET CHARACTER_SET_CLIENT=@OLD_CHARACTER_SET_CLIENT */;
/*!40101 SET CHARACTER_SET_RESULTS=@OLD_CHARACTER_SET_RESULTS */;
/*!40101 SET COLLATION_CONNECTION=@OLD_COLLATION_CONNECTION */;
